id,session,datetime,value
1,6,2025-09-17 12:10:53.185698,26.27
2,6,2025-09-17 12:11:23.199409,26.48
3,6,2025-09-17 12:11:54.44353,28.78
4,6,2025-09-17 12:12:54.172326,29.91
5,6,2025-09-17 12:12:56.721254,29.14
6,6,2025-09-17 12:13:26.7477,28.16
7,6,2025-09-17 12:13:56.715738,27.81
8,6,2025-09-17 12:14:27.757577,29.03
9,7,2025-09-17 13:17:17.113345,150.25
10,7,2025-09-17 13:17:47.66985,144.24
11,7,2025-09-17 13:18:18.238561,138.70
12,7,2025-09-17 13:18:48.741683,133.21
13,7,2025-09-17 13:19:19.282859,128.15
14,7,2025-09-17 13:19:49.813077,123.55
15,7,2025-09-17 13:20:20.349128,119.21
16,7,2025-09-17 13:20:50.902604,115.12
17,7,2025-09-17 13:21:21.45586,111.59
18,7,2025-09-17 13:21:52.000718,107.93
19,7,2025-09-17 13:22:22.531522,106.62
20,7,2025-09-17 13:22:53.074089,103.99
21,7,2025-09-17 13:23:23.624782,100.31
22,7,2025-09-17 13:23:54.697828,93.82
23,7,2025-09-17 13:24:25.481812,85.57
24,7,2025-09-17 13:24:55.27389,88.34
25,7,2025-09-17 13:25:25.81761,89.90
26,7,2025-09-17 13:25:56.365688,92.33
27,7,2025-09-17 13:26:26.902837,92.74
28,9,2025-09-17 13:31:41.212425,269.79
29,10,2025-09-17 13:33:01.842216,232.39
30,10,2025-09-17 13:33:32.418219,221.20
31,10,2025-09-17 13:34:02.970944,209.19
32,10,2025-09-17 13:34:33.553877,199.75
33,10,2025-09-17 13:35:04.137613,191.05
34,10,2025-09-17 13:35:34.702412,183.00
35,10,2025-09-17 13:36:05.289258,175.73
36,10,2025-09-17 13:36:35.855374,168.54
37,10,2025-09-17 13:37:06.399523,161.76
38,10,2025-09-17 13:37:36.978854,155.56
39,11,2025-09-17 13:51:01.095583,71.26
40,11,2025-09-17 13:51:31.659211,101.62
41,11,2025-09-17 13:52:03.215741,142.94
42,11,2025-09-17 13:52:32.78684,109.62
43,11,2025-09-17 13:53:03.372192,136.10
44,11,2025-09-17 13:53:33.946073,153.92
45,11,2025-09-17 13:54:04.527587,167.53
46,11,2025-09-17 13:54:35.126288,120.49
47,11,2025-09-17 13:55:05.744064,124.53
48,11,2025-09-17 13:55:36.346013,111.18
49,11,2025-09-17 13:56:06.970717,112.07
50,11,2025-09-17 13:56:37.567943,119.01
51,11,2025-09-17 13:57:08.165928,141.39
52,11,2025-09-17 13:57:38.763098,142.85
53,11,2025-09-17 13:58:09.362908,148.39
54,11,2025-09-17 13:58:40.211742,147.25
55,11,2025-09-17 13:59:11.05215,143.86
56,11,2025-09-17 13:59:41.640053,140.12
57,12,2025-09-17 14:18:27.065201,47.67
58,12,2025-09-17 14:18:57.626472,48.26
59,12,2025-09-17 14:19:28.181766,48.92
60,12,2025-09-17 14:19:58.696946,50.55
61,12,2025-09-17 14:20:29.233338,52.43
62,12,2025-09-17 14:20:59.780251,54.61
63,12,2025-09-17 14:21:30.309648,57.12
64,12,2025-09-17 14:22:00.85422,59.24
65,12,2025-09-17 14:22:31.40221,61.27
66,12,2025-09-17 14:23:01.949212,63.57
67,12,2025-09-17 14:23:32.467371,65.60
68,12,2025-09-17 14:24:03.021499,67.94
69,12,2025-09-17 14:24:33.565637,69.61
70,12,2025-09-17 14:25:04.109686,71.13
71,12,2025-09-17 14:25:34.671745,72.99
72,12,2025-09-17 14:26:05.186927,74.43
73,12,2025-09-17 14:26:36.770533,75.74
74,12,2025-09-17 14:27:06.318033,76.76
75,12,2025-09-17 14:27:36.838758,78.34
76,12,2025-09-17 14:28:07.400796,79.71
77,12,2025-09-17 14:28:37.914327,81.03
78,12,2025-09-17 14:29:08.459768,82.08
79,12,2025-09-17 14:29:39.031485,83.18
80,12,2025-09-17 14:30:09.559899,84.10
81,12,2025-09-17 14:30:40.089972,85.45
82,13,2025-09-17 14:31:57.994456,132.89
83,13,2025-09-17 14:32:28.549412,174.04
84,13,2025-09-17 14:32:59.084798,170.22
85,13,2025-09-17 14:33:29.650573,146.78
86,13,2025-09-17 14:34:00.180284,135.17
87,13,2025-09-17 14:34:30.727799,136.46
88,13,2025-09-17 14:35:01.288726,128.33
89,13,2025-09-17 14:35:31.843799,120.16
90,13,2025-09-17 14:36:02.396309,108.46
91,13,2025-09-17 14:36:32.95154,105.85
92,13,2025-09-17 14:37:03.490896,104.17
93,13,2025-09-17 14:37:34.044149,101.29
94,13,2025-09-17 14:38:04.599217,94.87
95,13,2025-09-17 14:38:35.159801,99.47
96,13,2025-09-17 14:39:05.698049,96.91
97,13,2025-09-17 14:39:36.236136,98.85
98,13,2025-09-17 14:40:06.797233,96.68
99,13,2025-09-17 14:40:37.368794,98.36
100,13,2025-09-17 14:41:07.910693,98.64
101,13,2025-09-17 14:41:38.430166,97.38
102,13,2025-09-17 14:42:08.993002,96.21
103,13,2025-09-17 14:42:39.542855,99.86
104,13,2025-09-17 14:43:10.128701,98.28
105,13,2025-09-17 14:43:40.668078,107.24
106,13,2025-09-17 14:44:11.210076,107.70
107,13,2025-09-17 14:44:41.807274,110.00
108,13,2025-09-17 14:45:12.31241,110.37
109,13,2025-09-17 14:45:43.161572,110.30
110,13,2025-09-17 14:46:13.941643,116.30
111,13,2025-09-17 14:46:44.514609,132.71
112,14,2025-09-17 14:47:50.796483,114.39
113,14,2025-09-17 14:48:21.336034,109.83
114,14,2025-09-17 14:48:51.908602,107.06
115,14,2025-09-17 14:49:22.502597,105.56
116,14,2025-09-17 14:49:53.008882,107.74
117,14,2025-09-17 14:50:23.577905,112.22
118,14,2025-09-17 14:50:54.14283,115.50
119,14,2025-09-17 14:51:24.685396,117.86
120,14,2025-09-17 14:51:55.259179,187.50
121,14,2025-09-17 14:52:25.807781,115.52
122,14,2025-09-17 14:52:56.354436,116.15
123,14,2025-09-17 14:53:26.927246,114.39
124,14,2025-09-17 14:53:57.490404,123.30
125,14,2025-09-17 14:54:28.031024,89.67
126,15,2025-09-17 14:56:39.922059,110.80
127,15,2025-09-17 14:57:10.486935,103.31
128,15,2025-09-17 14:57:41.111095,109.12
129,15,2025-09-17 14:58:11.617946,128.92
130,15,2025-09-17 14:58:42.151559,147.87
131,15,2025-09-17 14:59:12.715019,164.04
132,15,2025-09-17 14:59:43.278269,177.14
133,15,2025-09-17 15:00:14.895524,187.53
134,15,2025-09-17 15:00:44.423437,196.65
135,15,2025-09-17 15:01:14.993082,200.39
136,15,2025-09-17 15:01:45.5287,204.50
137,15,2025-09-17 15:02:16.115452,205.60
138,15,2025-09-17 15:02:46.686303,209.86
139,15,2025-09-17 15:03:17.258019,211.38
140,15,2025-09-17 15:03:47.814062,197.89
141,15,2025-09-17 15:04:18.38953,190.77
142,15,2025-09-17 15:04:48.939301,182.77
143,15,2025-09-17 15:05:19.527869,176.11
144,15,2025-09-17 15:05:50.109597,184.88
145,16,2025-09-17 15:07:47.870345,158.28
146,16,2025-09-17 15:08:18.444862,168.10
147,16,2025-09-17 15:08:49.007638,177.58
148,16,2025-09-17 15:09:19.619733,353.74
149,16,2025-09-17 15:09:50.160433,209.21
150,16,2025-09-17 15:10:20.737117,211.10
151,16,2025-09-17 15:10:51.324049,216.80
152,16,2025-09-17 15:11:21.908661,220.14
153,16,2025-09-17 15:11:52.533529,220.44
154,16,2025-09-17 15:12:23.077304,222.88
155,16,2025-09-17 15:12:53.662416,225.87
156,16,2025-09-17 15:13:24.226254,219.51
157,16,2025-09-17 15:13:54.84512,207.54
158,16,2025-09-17 15:14:25.409699,201.09
159,16,2025-09-17 15:14:55.980319,79.53
160,16,2025-09-17 15:15:26.542108,106.69
161,16,2025-09-17 15:15:57.108031,93.40
162,16,2025-09-17 15:16:27.694613,94.54
163,16,2025-09-17 15:16:58.248021,95.28
164,16,2025-09-17 15:17:28.82035,98.39
165,16,2025-09-17 15:17:59.34616,97.73
166,16,2025-09-17 15:18:29.936065,101.16
167,16,2025-09-17 15:19:00.485053,101.91
168,16,2025-09-17 15:19:31.04646,107.13
169,16,2025-09-17 15:20:01.608693,289.80
170,16,2025-09-17 15:20:33.166983,271.15
171,17,2025-09-17 15:22:39.848273,123.39
172,17,2025-09-17 15:23:10.405556,144.06
173,17,2025-09-17 15:23:40.960137,162.78
174,17,2025-09-17 15:24:11.511221,178.31
175,17,2025-09-17 15:24:42.091531,190.32
176,17,2025-09-17 15:25:12.648412,200.77
177,17,2025-09-17 15:25:43.225439,200.65
178,17,2025-09-17 15:26:13.846919,200.51
179,17,2025-09-17 15:26:44.3769,200.90
180,17,2025-09-17 15:27:14.954734,206.06
181,17,2025-09-17 15:27:45.754773,204.54
182,17,2025-09-17 15:28:16.608524,208.89
183,17,2025-09-17 15:28:47.190137,197.72
184,17,2025-09-17 15:29:17.803316,197.57
185,17,2025-09-17 15:29:48.356933,190.72
186,17,2025-09-17 15:30:18.923166,194.23
187,17,2025-09-17 15:30:49.518292,205.83
188,17,2025-09-17 15:31:20.086948,198.80
189,17,2025-09-17 15:31:50.898549,200.24
190,17,2025-09-17 15:32:21.735932,200.74
191,17,2025-09-17 15:32:52.321416,193.51
192,17,2025-09-17 15:33:22.891638,197.31
193,17,2025-09-17 15:33:53.450521,197.16
194,17,2025-09-17 15:34:24.009056,197.72
195,18,2025-09-17 15:36:24.690664,266.99
196,18,2025-09-17 15:36:55.233028,252.19
197,18,2025-09-17 15:37:25.823332,238.49
198,18,2025-09-17 15:37:56.413194,226.08
199,18,2025-09-17 15:38:26.956177,214.46
200,18,2025-09-17 15:38:57.515252,204.04
201,18,2025-09-17 15:39:28.072688,194.80
202,18,2025-09-17 15:39:58.663032,186.05
203,18,2025-09-17 15:40:29.189091,178.03
204,18,2025-09-17 15:40:59.761188,170.64
205,18,2025-09-17 15:41:30.30676,163.58
206,18,2025-09-17 15:42:00.854155,157.19
207,18,2025-09-17 15:42:31.413823,61.20
208,18,2025-09-17 15:43:01.988385,69.79
209,18,2025-09-17 15:43:32.533987,100.79
210,18,2025-09-17 15:44:03.095409,145.67
211,18,2025-09-17 15:44:33.621965,167.97
212,18,2025-09-17 15:45:04.18946,192.12
213,18,2025-09-17 15:45:34.769801,126.13
214,18,2025-09-17 15:46:05.331676,128.87
215,18,2025-09-17 15:46:35.887404,108.42
216,18,2025-09-17 15:47:06.481787,101.63
217,18,2025-09-17 15:47:37.0349,98.15
218,18,2025-09-17 15:48:07.600163,96.29
219,18,2025-09-17 15:48:38.149128,100.72
220,18,2025-09-17 15:49:08.71349,99.06
221,18,2025-09-17 15:49:39.276725,100.62
222,18,2025-09-17 15:50:09.845392,111.73
223,18,2025-09-17 15:50:40.403013,110.25
224,18,2025-09-17 15:51:10.98683,103.54
225,18,2025-09-17 15:51:41.52515,104.97
226,18,2025-09-17 15:52:12.103369,106.25
227,18,2025-09-17 15:52:42.653567,106.16
228,18,2025-09-17 15:53:13.214441,102.49
229,18,2025-09-17 15:53:43.773823,100.87
230,18,2025-09-17 15:54:14.337874,98.31
231,18,2025-09-17 15:54:44.875805,96.37
232,18,2025-09-17 15:55:15.459928,94.71
233,18,2025-09-17 15:55:45.990316,93.09
234,18,2025-09-17 15:56:16.570021,91.88
235,18,2025-09-17 15:56:47.110951,90.82
236,18,2025-09-17 15:57:17.660303,90.07
237,18,2025-09-17 15:57:48.213667,89.01
238,18,2025-09-17 15:58:18.768754,88.08
239,18,2025-09-17 15:58:49.325754,87.25
240,18,2025-09-17 15:59:19.886789,87.48
241,18,2025-09-17 15:59:50.41651,87.03
242,18,2025-09-17 16:00:21.010478,86.46
243,18,2025-09-17 16:00:51.520979,85.92
244,18,2025-09-17 16:01:22.063409,85.42
245,18,2025-09-17 16:01:52.629639,84.77
246,18,2025-09-17 16:02:23.174474,84.42
247,18,2025-09-17 16:02:53.692039,84.02
248,18,2025-09-17 16:03:24.252259,83.86
249,18,2025-09-17 16:03:54.817826,83.93
250,18,2025-09-17 16:04:25.345642,84.09
251,18,2025-09-17 16:04:55.905099,84.26
252,18,2025-09-17 16:05:26.435894,79.09
253,18,2025-09-17 16:05:57.008715,78.61
254,18,2025-09-17 16:06:27.553652,81.89
255,18,2025-09-17 16:06:58.109276,84.04
256,18,2025-09-17 16:07:28.648711,84.53
257,18,2025-09-17 16:07:59.204005,98.37
258,18,2025-09-17 16:08:29.764269,91.98
259,18,2025-09-17 16:09:00.316029,316.33
260,18,2025-09-17 16:09:30.858589,76.05
261,19,2025-09-17 16:14:14.792844,92.10
262,19,2025-09-17 16:14:45.33421,89.83
263,19,2025-09-17 16:15:15.906436,96.24
264,19,2025-09-17 16:15:46.498471,116.84
265,19,2025-09-17 16:16:16.984372,130.24
266,19,2025-09-17 16:16:47.552164,99.08
267,19,2025-09-17 16:17:18.077455,96.21
268,19,2025-09-17 16:17:48.637559,93.92
269,19,2025-09-17 16:18:19.181154,91.49
270,19,2025-09-17 16:18:49.739845,91.51
271,19,2025-09-17 16:19:20.299525,86.37
272,19,2025-09-17 16:19:50.830424,85.93
273,19,2025-09-17 16:20:21.377293,89.07
274,19,2025-09-17 16:20:51.941843,91.53
275,19,2025-09-17 16:21:22.487483,91.49
276,19,2025-09-17 16:21:53.023625,77.69
277,19,2025-09-17 16:22:23.565628,79.08
278,19,2025-09-17 16:22:54.133431,82.26
279,19,2025-09-17 16:23:24.679574,84.75
280,19,2025-09-17 16:23:55.209807,86.30
281,19,2025-09-17 16:24:25.75963,86.93
282,19,2025-09-17 16:24:56.311943,87.88
283,19,2025-09-17 16:25:26.864466,87.59
284,19,2025-09-17 16:25:57.432274,88.42
285,19,2025-09-17 16:26:27.968083,86.17
286,19,2025-09-17 16:26:58.520579,86.93
287,19,2025-09-17 16:27:29.090397,88.14
288,19,2025-09-17 16:27:59.672555,89.14
289,19,2025-09-17 16:28:30.201826,89.88
290,19,2025-09-17 16:29:00.731965,90.31
291,19,2025-09-17 16:29:31.291393,90.98
292,19,2025-09-17 16:30:02.064054,91.32
293,19,2025-09-17 16:30:32.923661,85.33
294,19,2025-09-17 16:31:03.491783,94.29
295,19,2025-09-17 16:31:34.003821,94.90
296,19,2025-09-17 16:32:04.568048,94.05
297,19,2025-09-17 16:32:35.123944,90.43
298,19,2025-09-17 16:33:05.680221,346.60
299,20,2025-09-17 16:34:21.002645,172.24
300,20,2025-09-17 16:34:51.588007,140.69
301,20,2025-09-17 16:35:22.132646,149.58
302,20,2025-09-17 16:35:52.699731,158.73
303,20,2025-09-17 16:36:23.276289,157.71
304,20,2025-09-17 16:36:53.844758,169.02
305,20,2025-09-17 16:37:24.427889,172.12
306,20,2025-09-17 16:37:55.009888,169.86
307,20,2025-09-17 16:38:25.54505,184.04
308,20,2025-09-17 16:38:56.121267,202.18
309,20,2025-09-17 16:39:26.697407,217.38
310,20,2025-09-17 16:39:57.235529,229.85
311,20,2025-09-17 16:40:27.859549,240.00
312,20,2025-09-17 16:40:58.416938,239.10
313,20,2025-09-17 16:41:28.995801,246.78
314,20,2025-09-17 16:41:59.574087,239.81
315,20,2025-09-17 16:42:30.136797,221.02
316,20,2025-09-17 16:43:00.731005,213.85
317,20,2025-09-17 16:43:31.330798,207.32
318,20,2025-09-17 16:44:01.87366,196.13
319,20,2025-09-17 16:44:32.449986,193.67
320,20,2025-09-17 16:45:03.294553,189.99
321,20,2025-09-17 16:45:34.123016,183.75
322,20,2025-09-17 16:46:04.687444,173.98
323,20,2025-09-17 16:46:35.265766,172.65
324,20,2025-09-17 16:47:05.842932,168.97
325,20,2025-09-17 16:47:36.381894,163.54
326,20,2025-09-17 16:48:06.975869,156.07
327,20,2025-09-17 16:48:37.547127,180.05
328,20,2025-09-17 16:49:08.077866,154.33
329,20,2025-09-17 16:49:38.66176,155.50
330,20,2025-09-17 16:50:09.222995,169.50
331,20,2025-09-17 16:50:39.804656,175.70
332,20,2025-09-17 16:51:10.366955,176.68
333,20,2025-09-17 16:51:40.937962,187.42
334,20,2025-09-17 16:52:11.525955,187.13
335,20,2025-09-17 16:52:42.099164,189.34
336,20,2025-09-17 16:53:12.649426,178.33
337,20,2025-09-17 16:53:43.222972,168.18
338,20,2025-09-17 16:54:13.786931,158.69
339,20,2025-09-17 16:54:44.33128,150.69
340,21,2025-09-17 16:58:26.920681,95.27
341,21,2025-09-17 16:58:57.486069,95.08
342,21,2025-09-17 16:59:28.036368,95.07
343,21,2025-09-17 16:59:58.622453,103.28
344,21,2025-09-17 17:00:29.145068,121.39
345,21,2025-09-17 17:00:59.708852,94.37
346,21,2025-09-17 17:01:30.243325,93.84
347,21,2025-09-17 17:02:00.80851,105.79
348,21,2025-09-17 17:02:31.363805,113.18
349,21,2025-09-17 17:03:01.940482,150.77
350,21,2025-09-17 17:03:32.526999,133.60
351,21,2025-09-17 17:04:03.034092,133.79
352,21,2025-09-17 17:04:33.651265,113.86
353,21,2025-09-17 17:05:04.18962,114.96
354,21,2025-09-17 17:05:34.710306,117.61
355,21,2025-09-17 17:06:05.268456,120.94
356,21,2025-09-17 17:06:35.815486,136.40
357,21,2025-09-17 17:07:06.358475,94.41
358,21,2025-09-17 17:07:36.904542,95.11
359,21,2025-09-17 17:08:07.473669,94.69
360,21,2025-09-17 17:08:38.003876,97.78
361,21,2025-09-17 17:09:08.59645,95.28
362,21,2025-09-17 17:09:39.132874,214.73
363,21,2025-09-17 17:10:09.680028,203.45
364,21,2025-09-17 17:10:40.243618,193.19
365,21,2025-09-17 17:11:10.801992,90.42
366,21,2025-09-17 17:11:41.356806,92.97
367,21,2025-09-17 17:12:11.920739,125.49
368,21,2025-09-17 17:12:42.458716,141.06
369,22,2025-09-17 17:13:37.962818,148.60
370,22,2025-09-17 17:14:08.535625,120.71
371,22,2025-09-17 17:14:39.095858,103.01
372,22,2025-09-17 17:15:09.645223,99.94
373,22,2025-09-17 17:15:40.204816,131.09
374,22,2025-09-17 17:16:10.764838,116.68
375,22,2025-09-17 17:16:41.302275,160.64
376,22,2025-09-17 17:17:11.857842,119.95
377,22,2025-09-17 17:17:42.407119,147.04
378,22,2025-09-17 17:18:12.965396,140.20
379,22,2025-09-17 17:18:43.519486,234.80
380,22,2025-09-17 17:19:14.076023,370.74
381,22,2025-09-17 17:19:44.633362,185.57
382,22,2025-09-17 17:20:15.232988,195.09
383,22,2025-09-17 17:20:45.769612,158.36
384,22,2025-09-17 17:21:16.324108,179.48
385,22,2025-09-17 17:21:46.887558,197.53
386,22,2025-09-17 17:22:17.432058,204.40
387,22,2025-09-17 17:22:48.033443,200.78
388,23,2025-09-22 14:55:40.162157,33.81
389,23,2025-09-22 14:56:10.101445,29.09
390,25,2025-09-22 19:06:24.56445,26.94
391,25,2025-09-22 19:06:40.312919,26.90
392,25,2025-09-22 19:06:56.04617,26.72
393,26,2025-09-22 19:11:07.879864,25.57
394,26,2025-09-22 19:11:23.67028,25.42
395,26,2025-09-22 19:11:39.377018,25.37
396,26,2025-09-22 19:11:55.135094,25.34
397,26,2025-09-22 19:12:10.873851,25.20
398,26,2025-09-22 19:12:26.62169,25.22
399,26,2025-09-22 19:12:42.367327,25.12
400,26,2025-09-22 19:12:58.116417,25.22
401,26,2025-09-22 19:13:13.879675,24.86
402,27,2025-09-22 19:33:09.233296,28.82
403,27,2025-09-22 19:33:24.95603,24.26
404,27,2025-09-22 19:33:40.723677,30.84
405,27,2025-09-22 19:33:56.460376,45.10
406,27,2025-09-22 19:34:12.214992,61.04
407,27,2025-09-22 19:34:27.950465,73.49
408,27,2025-09-22 19:34:43.710506,82.68
409,27,2025-09-22 19:34:59.438547,83.32
410,27,2025-09-22 19:35:15.183034,80.97
411,27,2025-09-22 19:35:30.928075,98.94
412,27,2025-09-22 19:35:46.688381,109.05
413,27,2025-09-22 19:36:02.4364,112.32
414,27,2025-09-22 19:36:18.191949,103.57
415,27,2025-09-22 19:36:33.956016,128.78
416,27,2025-09-22 19:36:49.685331,81.69
417,27,2025-09-22 19:37:05.454647,79.50
418,27,2025-09-22 19:37:21.20444,83.10
419,27,2025-09-22 19:37:36.958119,75.56
420,27,2025-09-22 19:37:52.717037,76.96
421,27,2025-09-22 19:38:08.483795,84.50
422,27,2025-09-22 19:38:24.226349,77.65
423,27,2025-09-22 19:38:39.992461,79.49
424,27,2025-09-22 19:38:55.751478,84.67
425,27,2025-09-22 19:39:11.503832,91.19
426,27,2025-09-22 19:39:27.25842,93.42
427,27,2025-09-22 19:39:43.023998,101.26
428,27,2025-09-22 19:39:58.775736,106.66
429,27,2025-09-22 19:40:14.54632,102.71
430,27,2025-09-22 19:40:30.282297,106.53
431,27,2025-09-22 19:40:46.050611,101.35
432,27,2025-09-22 19:41:01.807257,102.72
433,27,2025-09-22 19:41:17.55178,104.61
434,27,2025-09-22 19:41:33.307608,95.62
435,27,2025-09-22 19:41:49.074826,102.50
436,27,2025-09-22 19:42:04.831542,110.23
437,27,2025-09-22 19:42:20.593992,352.31
438,27,2025-09-22 19:42:36.359788,355.35
439,27,2025-09-22 19:42:52.121487,370.63
440,27,2025-09-22 19:43:07.883022,360.90
441,27,2025-09-22 19:43:23.655919,109.77
442,27,2025-09-22 19:43:39.418351,144.51
443,27,2025-09-22 19:43:55.195318,146.27
444,27,2025-09-22 19:44:10.946438,153.28
445,27,2025-09-22 19:44:26.719525,155.23
446,27,2025-09-22 19:44:42.488085,155.72
447,27,2025-09-22 19:44:58.260111,145.54
448,27,2025-09-22 19:45:14.033868,143.97
449,27,2025-09-22 19:45:29.796478,142.89
450,27,2025-09-22 19:45:45.550751,143.96
451,27,2025-09-22 19:46:01.307668,143.07
452,27,2025-09-22 19:46:17.074948,112.62
453,27,2025-09-22 19:46:32.869557,102.89
454,27,2025-09-22 19:46:48.608989,99.23
455,27,2025-09-22 19:47:04.375389,94.88
456,27,2025-09-22 19:47:20.13153,89.32
457,27,2025-09-22 19:47:35.883879,85.86
458,27,2025-09-22 19:47:51.660154,82.64
459,27,2025-09-22 19:48:07.416697,79.70
460,27,2025-09-22 19:48:23.222003,79.23
461,27,2025-09-22 19:48:38.973823,79.26
462,27,2025-09-22 19:48:54.71923,79.34
463,27,2025-09-22 19:49:10.446153,81.64
464,27,2025-09-22 19:49:26.203403,79.32
465,27,2025-09-22 19:49:41.958801,78.64
466,27,2025-09-22 19:49:57.727743,78.89
467,27,2025-09-22 19:50:13.46053,89.53
468,27,2025-09-22 19:50:29.228015,90.74
469,27,2025-09-22 19:50:44.987041,87.17
470,27,2025-09-22 19:51:00.74478,98.21
471,27,2025-09-22 19:51:16.507734,90.28
472,27,2025-09-22 19:51:32.263384,105.42
473,27,2025-09-22 19:51:48.029307,92.31
474,27,2025-09-22 19:52:03.784152,85.26
475,27,2025-09-22 19:52:19.535911,82.59
476,27,2025-09-22 19:52:35.290616,79.30
477,27,2025-09-22 19:52:51.05683,80.71
478,27,2025-09-22 19:53:06.799676,94.12
479,27,2025-09-22 19:53:22.551989,81.53
480,27,2025-09-22 19:53:38.311763,89.17
481,27,2025-09-22 19:53:54.069323,103.04
482,27,2025-09-22 19:54:09.834884,140.19
483,27,2025-09-22 19:54:25.587359,119.35
484,27,2025-09-22 19:54:41.339798,109.82
485,27,2025-09-22 19:54:57.111206,101.87
486,27,2025-09-22 19:55:12.86358,113.87
487,27,2025-09-22 19:55:28.619449,101.80
488,27,2025-09-22 19:55:44.368945,104.34
489,28,2025-09-27 21:11:28.136678,78.95
490,28,2025-09-27 21:11:43.952339,77.84
491,28,2025-09-27 21:11:59.73571,76.61
492,28,2025-09-27 21:12:15.517289,75.50
493,28,2025-09-27 21:12:31.258291,74.43
494,28,2025-09-27 21:12:47.06604,73.30
495,28,2025-09-27 21:13:02.836893,72.17
496,28,2025-09-27 21:13:18.654731,71.24
497,28,2025-09-27 21:13:34.378883,70.13
498,28,2025-09-27 21:13:50.163664,69.21
499,28,2025-09-27 21:14:05.980427,68.33
500,28,2025-09-27 21:14:21.721976,67.41
501,28,2025-09-27 21:14:37.514645,69.72
502,28,2025-09-27 21:14:53.283832,71.25
503,28,2025-09-27 21:15:09.061076,73.53
504,28,2025-09-27 21:15:24.84097,75.70
505,28,2025-09-27 21:15:40.632573,77.24
506,28,2025-09-27 21:15:56.392993,79.03
507,28,2025-09-27 21:16:12.192584,80.94
508,28,2025-09-27 21:16:27.932709,82.47
509,28,2025-09-27 21:16:43.740086,83.93
510,28,2025-09-27 21:16:59.508235,85.32
511,28,2025-09-27 21:17:15.273072,87.02
512,28,2025-09-27 21:17:31.050113,88.78
513,28,2025-09-27 21:17:46.861823,87.86
514,28,2025-09-27 21:18:02.648178,87.01
515,28,2025-09-27 21:18:18.391728,86.84
516,28,2025-09-27 21:18:34.196523,87.60
517,28,2025-09-27 21:18:49.973165,87.93
518,28,2025-09-27 21:19:05.75267,87.97
519,28,2025-09-27 21:19:21.543295,88.05
520,28,2025-09-27 21:19:37.325618,88.46
521,28,2025-09-27 21:19:53.110679,88.34
522,28,2025-09-27 21:20:08.900909,88.80
523,28,2025-09-27 21:20:24.673806,89.35
524,28,2025-09-27 21:20:40.447888,86.62
525,29,2025-09-27 21:25:00.801449,113.34
526,29,2025-09-27 21:25:16.59153,117.81
527,29,2025-09-27 21:25:32.378834,121.67
528,29,2025-09-27 21:25:48.160788,131.59
529,29,2025-09-27 21:26:03.924796,105.63
530,29,2025-09-27 21:26:19.731487,108.41
531,29,2025-09-27 21:26:35.510351,130.29
532,29,2025-09-27 21:26:51.305502,109.62
533,29,2025-09-27 21:27:07.083065,90.64
534,29,2025-09-27 21:27:22.875651,93.22
535,29,2025-09-27 21:27:38.651744,96.67
536,29,2025-09-27 21:27:54.452174,102.77
537,29,2025-09-27 21:28:10.24816,99.72
538,29,2025-09-27 21:28:26.010724,101.68
539,29,2025-09-27 21:28:41.810356,100.85
540,29,2025-09-27 21:28:57.594588,99.96
541,29,2025-09-27 21:29:13.401093,110.17
542,29,2025-09-27 21:29:29.172204,122.53
543,29,2025-09-27 21:29:44.974462,128.29
544,29,2025-09-27 21:30:00.784258,120.61
545,29,2025-09-27 21:30:16.536282,118.34
546,29,2025-09-27 21:30:32.339553,111.14
547,29,2025-09-27 21:30:48.120873,128.77
548,29,2025-09-27 21:31:03.917574,129.59
549,29,2025-09-27 21:31:19.719743,128.77
550,29,2025-09-27 21:31:35.502213,130.04
551,29,2025-09-27 21:31:51.297305,107.35
552,29,2025-09-27 21:32:07.078401,115.96
553,29,2025-09-27 21:32:22.868076,112.60
554,29,2025-09-27 21:32:38.672904,109.91
555,29,2025-09-27 21:32:54.460355,109.72
556,29,2025-09-27 21:33:10.250887,110.41
557,29,2025-09-27 21:33:26.038624,103.83
558,29,2025-09-27 21:33:41.831014,110.03
559,29,2025-09-27 21:33:57.621769,109.40
560,29,2025-09-27 21:34:13.405006,105.26
561,29,2025-09-27 21:34:29.196966,109.86
562,29,2025-09-27 21:34:45.005928,112.09
563,29,2025-09-27 21:35:00.803995,111.43
564,29,2025-09-27 21:35:16.573536,110.32
565,29,2025-09-27 21:35:32.38287,108.93
566,29,2025-09-27 21:35:48.180667,91.48
567,29,2025-09-27 21:36:03.979529,96.07
568,30,2025-09-28 20:25:59.894285,113.85
569,30,2025-09-28 20:26:15.676197,102.45
570,30,2025-09-28 20:26:31.475225,100.97
571,30,2025-09-28 20:26:47.23795,99.99
572,30,2025-09-28 20:27:03.021169,98.30
573,30,2025-09-28 20:27:18.796789,96.48
574,30,2025-09-28 20:27:34.580278,96.15
575,30,2025-09-28 20:27:50.372254,131.93
576,30,2025-09-28 20:28:06.15712,117.75
577,30,2025-09-28 20:28:21.922192,115.45
578,30,2025-09-28 20:28:37.71763,124.86
579,30,2025-09-28 20:28:53.484791,126.26
580,30,2025-09-28 20:29:09.301341,125.08
581,30,2025-09-28 20:29:25.063387,132.96
582,30,2025-09-28 20:29:40.854131,134.83
583,30,2025-09-28 20:29:56.638748,125.47
584,30,2025-09-28 20:30:12.414081,130.23
585,30,2025-09-28 20:30:28.213971,133.21
586,30,2025-09-28 20:30:43.987201,132.94
587,30,2025-09-28 20:30:59.779304,161.88
588,31,2025-09-28 20:31:49.509102,136.75
589,31,2025-09-28 20:32:05.3014,132.15
590,31,2025-09-28 20:32:21.079111,121.09
591,31,2025-09-28 20:32:36.873311,121.94
592,31,2025-09-28 20:32:52.685911,119.61
593,31,2025-09-28 20:33:08.458373,117.74
594,31,2025-09-28 20:33:24.269793,122.01
595,31,2025-09-28 20:33:40.046903,124.31
596,31,2025-09-28 20:33:55.816972,107.20
597,31,2025-09-28 20:34:11.601427,102.55
598,31,2025-09-28 20:34:27.386126,101.32
599,31,2025-09-28 20:34:43.177399,100.30
600,31,2025-09-28 20:34:58.956694,86.76
601,31,2025-09-28 20:35:14.777719,90.56
602,31,2025-09-28 20:35:30.537065,108.65
603,31,2025-09-28 20:35:46.313335,93.74
604,31,2025-09-28 20:36:02.116149,92.66
605,31,2025-09-28 20:36:17.906428,99.97
606,31,2025-09-28 20:36:33.69361,104.00
607,31,2025-09-28 20:36:49.536797,115.04
608,31,2025-09-28 20:37:05.379566,121.46
609,31,2025-09-28 20:37:21.113525,98.59
610,31,2025-09-28 20:37:36.959985,124.25
611,31,2025-09-28 20:37:52.719115,90.93
612,31,2025-09-28 20:38:08.461834,99.06
613,31,2025-09-28 20:38:24.288235,96.60
614,31,2025-09-28 20:38:39.589177,83.42
615,31,2025-09-28 20:38:54.313824,80.81
616,31,2025-09-28 20:39:10.07917,77.85
617,31,2025-09-28 20:39:25.877228,81.17
618,31,2025-09-28 20:39:41.668609,83.40
619,31,2025-09-28 20:39:57.477798,82.28
620,31,2025-09-28 20:40:13.257608,85.87
621,31,2025-09-28 20:40:29.044938,80.99
622,31,2025-09-28 20:40:44.857202,75.82
623,31,2025-09-28 20:41:00.634983,80.00
624,32,2025-10-01 19:00:42.930314,78.23
625,33,2025-10-01 19:13:19.485997,79.70
626,34,2025-10-01 19:18:03.529706,78.79
627,34,2025-10-01 19:18:19.244684,80.79
628,34,2025-10-01 19:18:35.030019,82.10
629,34,2025-10-01 19:18:51.798563,80.90
630,34,2025-10-01 19:19:06.587296,82.91
631,34,2025-10-01 19:19:22.343129,81.10
632,34,2025-10-01 19:19:38.188423,82.22
633,34,2025-10-01 19:19:53.880676,85.14
634,34,2025-10-01 19:20:09.675,81.20
635,34,2025-10-01 19:20:25.425255,81.64
636,34,2025-10-01 19:20:41.197054,81.73
637,34,2025-10-01 19:20:56.966217,82.16
638,34,2025-10-01 19:21:12.74644,83.49
639,34,2025-10-01 19:21:28.520018,84.46
640,34,2025-10-01 19:21:44.281861,85.33
641,34,2025-10-01 19:22:00.071644,86.22
642,34,2025-10-01 19:22:15.830144,88.56
643,34,2025-10-01 19:22:31.597701,90.72
644,34,2025-10-01 19:22:47.365355,92.47
645,34,2025-10-01 19:23:03.184785,92.25
646,34,2025-10-01 19:23:18.961421,90.59
647,34,2025-10-01 19:23:34.730131,89.53
648,34,2025-10-01 19:23:50.479861,92.79
649,34,2025-10-01 19:24:06.239015,91.50
650,34,2025-10-01 19:24:22.017353,93.72
651,34,2025-10-01 19:24:37.793569,94.13
652,34,2025-10-01 19:24:53.57728,94.70
653,34,2025-10-01 19:25:09.351395,94.45
654,34,2025-10-01 19:25:25.120191,94.68
655,34,2025-10-01 19:25:40.904,95.11
656,34,2025-10-01 19:25:56.672205,79.86
657,34,2025-10-01 19:26:12.458956,95.73
658,34,2025-10-01 19:26:28.229534,89.52
659,34,2025-10-01 19:26:44.057693,94.60
660,34,2025-10-01 19:26:59.793408,94.44
661,34,2025-10-01 19:27:15.636678,94.66
662,34,2025-10-01 19:27:31.360166,94.56
663,34,2025-10-01 19:27:47.221053,94.99
664,34,2025-10-01 19:28:02.913316,93.27
665,34,2025-10-01 19:28:18.675767,93.35
666,35,2025-10-01 19:40:52.646206,335.83
667,35,2025-10-01 19:41:08.365477,133.50
668,35,2025-10-01 19:41:24.111303,135.73
669,35,2025-10-01 19:41:39.895043,128.65
670,35,2025-10-01 19:41:55.67378,126.94
671,35,2025-10-01 19:42:11.431797,124.25
672,35,2025-10-01 19:42:27.277652,121.85
673,35,2025-10-01 19:42:42.989897,119.63
674,35,2025-10-01 19:42:58.833507,116.85
675,35,2025-10-01 19:43:14.561685,115.13
676,35,2025-10-01 19:43:30.330173,112.86
677,35,2025-10-01 19:43:46.132885,106.27
678,35,2025-10-01 19:44:01.91597,112.23
679,35,2025-10-01 19:44:17.66361,109.21
680,35,2025-10-01 19:44:33.433952,109.21
681,35,2025-10-01 19:44:49.234981,107.00
682,35,2025-10-01 19:45:05.000632,111.58
683,35,2025-10-01 19:45:20.76985,114.42
684,35,2025-10-01 19:45:36.567371,113.45
685,35,2025-10-01 19:45:52.397045,112.25
686,35,2025-10-01 19:46:08.109329,106.11
687,35,2025-10-01 19:46:23.876631,103.79
688,35,2025-10-01 19:46:39.666519,101.52
689,35,2025-10-01 19:46:55.466703,95.15
690,35,2025-10-01 19:47:11.220719,91.99
691,35,2025-10-01 19:47:27.033792,97.62
692,35,2025-10-01 19:47:42.77993,100.90
693,35,2025-10-01 19:47:58.558525,100.99
694,35,2025-10-01 19:48:14.348535,100.22
695,35,2025-10-01 19:48:30.176001,100.86
696,35,2025-10-01 19:48:45.907706,101.36
697,35,2025-10-01 19:49:01.692287,101.17
698,35,2025-10-01 19:49:17.479137,102.67
699,35,2025-10-01 19:49:33.232596,102.47
700,35,2025-10-01 19:49:49.017864,101.11
701,35,2025-10-01 19:50:04.808252,103.25
702,35,2025-10-01 19:50:20.583625,103.32
703,35,2025-10-01 19:50:36.379829,94.02
704,35,2025-10-01 19:50:52.165261,100.51
705,35,2025-10-01 19:51:07.934332,98.59
706,35,2025-10-01 19:51:23.709445,253.36
707,35,2025-10-01 19:51:39.480961,247.59
708,36,2025-10-03 23:55:26.491404,131.71
709,36,2025-10-03 23:55:42.265176,128.99
710,36,2025-10-03 23:55:58.014213,125.94
711,36,2025-10-03 23:56:13.797291,123.69
712,36,2025-10-03 23:56:29.540393,121.40
713,36,2025-10-03 23:56:45.3154,125.91
714,36,2025-10-03 23:57:01.086694,130.93
715,36,2025-10-03 23:57:16.889271,137.69
716,36,2025-10-03 23:57:32.635264,144.06
717,36,2025-10-03 23:57:48.392949,149.69
718,36,2025-10-03 23:58:04.157929,154.63
719,36,2025-10-03 23:58:19.936878,159.19
720,36,2025-10-03 23:58:35.758595,159.63
721,36,2025-10-03 23:58:51.513648,133.30
722,36,2025-10-03 23:59:07.251235,128.92
723,36,2025-10-03 23:59:23.046044,313.10
724,36,2025-10-03 23:59:38.811873,304.00
725,36,2025-10-03 23:59:54.618923,295.15
726,36,2025-10-04 00:00:10.386752,301.83
727,36,2025-10-04 00:00:26.188717,84.92
728,36,2025-10-04 00:00:41.96788,86.77
729,36,2025-10-04 00:00:57.721092,82.18
730,36,2025-10-04 00:01:13.491934,88.81
731,36,2025-10-04 00:01:29.293104,105.80
732,36,2025-10-04 00:01:45.071967,109.87
733,36,2025-10-04 00:02:00.856227,113.61
734,36,2025-10-04 00:02:16.628357,116.80
735,36,2025-10-04 00:02:32.424631,119.30
736,36,2025-10-04 00:02:48.196922,121.40
737,36,2025-10-04 00:03:03.991085,123.78
738,36,2025-10-04 00:03:19.760031,125.34
739,36,2025-10-04 00:03:35.54342,127.58
740,36,2025-10-04 00:03:51.575859,129.12
741,36,2025-10-04 00:04:06.085103,130.44
742,36,2025-10-04 00:04:21.876128,132.35
743,36,2025-10-04 00:04:37.660543,133.27
744,36,2025-10-04 00:04:53.452523,134.62
745,36,2025-10-04 00:05:09.232219,136.20
746,36,2025-10-04 00:05:25.007917,130.13
747,36,2025-10-04 00:05:40.830264,132.11
748,36,2025-10-04 00:05:56.583023,140.07
749,36,2025-10-04 00:06:12.367897,139.71
750,36,2025-10-04 00:06:28.153618,140.90
751,36,2025-10-04 00:06:43.91552,141.71
752,36,2025-10-04 00:06:59.713012,142.37
753,36,2025-10-04 00:07:15.503959,141.71
754,36,2025-10-04 00:07:31.367306,142.37
755,36,2025-10-04 00:07:47.100751,141.58
756,36,2025-10-04 00:08:02.865355,134.78
757,36,2025-10-04 00:08:18.665551,137.57
758,36,2025-10-04 00:08:34.450567,138.26
759,36,2025-10-04 00:08:50.25947,137.53
760,36,2025-10-04 00:09:06.031648,139.46
761,36,2025-10-04 00:09:21.803003,137.54
762,36,2025-10-04 00:09:37.583904,135.79
763,36,2025-10-04 00:09:53.367185,136.30
764,36,2025-10-04 00:10:09.180791,134.70
765,36,2025-10-04 00:10:24.959722,133.04
766,36,2025-10-04 00:10:40.744049,133.36
767,36,2025-10-04 00:10:56.54975,132.22
768,36,2025-10-04 00:11:12.329698,130.45
769,36,2025-10-04 00:11:28.127845,131.30
770,36,2025-10-04 00:11:43.921623,130.50
771,36,2025-10-04 00:11:59.689184,127.75
772,36,2025-10-04 00:12:15.484693,125.99
773,36,2025-10-04 00:12:31.291797,125.82
774,36,2025-10-04 00:12:47.058786,126.14
775,36,2025-10-04 00:13:02.843467,128.86
776,36,2025-10-04 00:13:18.632876,133.38
777,36,2025-10-04 00:13:34.416419,136.04
778,36,2025-10-04 00:13:50.219965,138.90
779,36,2025-10-04 00:14:06.008404,140.61
780,36,2025-10-04 00:14:21.780498,139.45
781,36,2025-10-04 00:14:37.575122,137.33
782,36,2025-10-04 00:14:53.364537,138.25
783,36,2025-10-04 00:15:09.172296,140.00
784,36,2025-10-04 00:15:24.940531,138.96
785,36,2025-10-04 00:15:40.766379,138.92
786,36,2025-10-04 00:15:56.534296,140.45
787,36,2025-10-04 00:16:12.337723,119.61
788,36,2025-10-04 00:16:28.122041,128.97
789,36,2025-10-04 00:16:43.916535,120.46
790,36,2025-10-04 00:16:59.709873,138.86
791,36,2025-10-04 00:17:15.479428,138.43
792,36,2025-10-04 00:17:31.286202,139.93
793,36,2025-10-04 00:17:47.064008,137.69
794,36,2025-10-04 00:18:02.861113,137.96
795,36,2025-10-04 00:18:18.656056,137.84
796,36,2025-10-04 00:18:34.447394,135.83
797,36,2025-10-04 00:18:50.217222,135.68
798,36,2025-10-04 00:19:06.011842,131.81
799,36,2025-10-04 00:19:21.794993,132.47
800,36,2025-10-04 00:19:37.580507,124.96
801,36,2025-10-04 00:19:53.378136,126.89
802,36,2025-10-04 00:20:09.180123,126.97
803,36,2025-10-04 00:20:24.978749,127.84
804,36,2025-10-04 00:20:40.764712,108.52
805,36,2025-10-04 00:20:56.543281,127.49
806,36,2025-10-04 00:21:12.343762,129.60
807,36,2025-10-04 00:21:28.140842,110.72
808,37,2025-10-06 14:18:48.310557,25.81
809,37,2025-10-06 14:19:04.098366,25.88
810,37,2025-10-06 14:19:20.367172,25.74
811,37,2025-10-06 14:19:35.66118,26.02
812,38,2025-10-06 14:21:48.277266,26.18
813,38,2025-10-06 14:22:04.090343,26.92
814,38,2025-10-06 14:22:20.406812,26.17
815,38,2025-10-06 14:22:35.621914,25.85
816,39,2025-09-23 12:06:31.590766,26.54
